{
  "auth": {
    "user_pool_id": "eu-central-1_0DGywsN3w",
    "aws_region": "eu-central-1",
    "user_pool_client_id": "28tlubn9eto05uu2nd73k5e1k9",
    "identity_pool_id": "eu-central-1:29418861-2df1-497e-93d2-ed1635de4719",
    "mfa_methods": [],
    "standard_required_attributes": [
      "email"
    ],
    "username_attributes": [
      "email"
    ],
    "user_verification_types": [
      "email"
    ],
    "mfa_configuration": "NONE",
    "password_policy": {
      "min_length": 8,
      "require_lowercase": true,
      "require_numbers": true,
      "require_symbols": true,
      "require_uppercase": true
    },
    "unauthenticated_identities_enabled": true
  },
  "data": {
    "url": "https://bd55zo5b6vafdowl6o5vy66z2e.appsync-api.eu-central-1.amazonaws.com/graphql",
    "aws_region": "eu-central-1",
    "api_key": "da2-st6sbrbqvzeu5c5m6sz7lev7si",
    "default_authorization_type": "API_KEY",
    "authorization_types": [
      "AMAZON_COGNITO_USER_POOLS",
      "AWS_IAM"
    ],
    "model_introspection": {
      "version": 1,
      "models": {
        "Todo": {
          "name": "Todo",
          "fields": {
            "id": {
              "name": "id",
              "isArray": false,
              "type": "ID",
              "isRequired": true,
              "attributes": []
            },
            "content": {
              "name": "content",
              "isArray": false,
              "type": "String",
              "isRequired": false,
              "attributes": []
            },
            "createdAt": {
              "name": "createdAt",
              "isArray": false,
              "type": "AWSDateTime",
              "isRequired": false,
              "attributes": [],
              "isReadOnly": true
            },
            "updatedAt": {
              "name": "updatedAt",
              "isArray": false,
              "type": "AWSDateTime",
              "isRequired": false,
              "attributes": [],
              "isReadOnly": true
            }
          },
          "syncable": true,
          "pluralName": "Todos",
          "attributes": [
            {
              "type": "model",
              "properties": {}
            },
            {
              "type": "auth",
              "properties": {
                "rules": [
                  {
                    "allow": "public",
                    "provider": "apiKey",
                    "operations": [
                      "create",
                      "update",
                      "delete",
                      "read"
                    ]
                  }
                ]
              }
            }
          ],
          "primaryKeyInfo": {
            "isCustomPrimaryKey": false,
            "primaryKeyFieldName": "id",
            "sortKeyFieldNames": []
          }
        }
      },
      "enums": {},
      "nonModels": {}
    }
  },
  "version": "1.1"
}